{
  "schemaVersion": 1,
  "id": "nets",
  "version": "0.3.5.3",
  "name": "Not Enough Trinket Slots (NETS)",
  "description": "Data Pack put into a Fabric mod to add more Trinkets slots than you'll ever need!",
  "authors": [
    "CookieGD"
  ],
  "contact": {
	  "sources": "https://github.com/CookieGD",
	  "homepage": "https://www.curseforge.com/members/digit_live/projects"
	  },
  "license": "GNU GPL v3.0",
  "icon": "nets.png",
  "environment": "*",
  "entrypoints": {
  },
  "mixins": [
  ],
  "depends": {
    "fabricloader": ">=0.12.7",
    "fabric-api-base": "*",
    "minecraft": ">=1.18.2",
	"trinkets": ">=3.2.0"
  }
}